"Address","Content Type","Status Code","Status","Indexability","Indexability Status","Title 1","Title 1 Length","Title 1 Pixel Width","Meta Description 1","Meta Description 1 Length","Meta Description 1 Pixel Width","Meta Keywords 1","Meta Keywords 1 Length","H1-1","H1-1 Length","H2-1","H2-1 Length","H2-2","H2-2 Length","Meta Robots 1","X-Robots-Tag 1","Meta Refresh 1","Canonical Link Element 1","rel=""next"" 1","rel=""prev"" 1","HTTP rel=""next"" 1","HTTP rel=""prev"" 1","amphtml Link Element","Size (bytes)","Transferred (bytes)","Total Transferred (bytes)","CO2 (mg)","Carbon Rating","Word Count","Sentence Count","Average Words Per Sentence","Flesch Reading Ease Score","Readability","Text Ratio","Crawl Depth","Folder Depth","Link Score","Inlinks","Unique Inlinks","Unique JS Inlinks","% of Total","Outlinks","Unique Outlinks","Unique JS Outlinks","External Outlinks","Unique External Outlinks","Unique External JS Outlinks","Closest Similarity Match","No. Near Duplicates","Spelling Errors","Grammar Errors","Hash","Response Time","Last Modified","Redirect URL","Redirect Type","Cookies","Language","HTTP Version","Mobile Alternate Link","URL Encoded Address","Crawl Timestamp"
"https://gerance-swiss.ch/","text/html; charset=UTF-8","200","OK","Indexable","","Gérance swiss","13","130","","0","0","","0","L’agence immobilière du Chablais","32","Notre expertise","15","Découvrez nos biens","19","max-image-preview:large","","","https://gerance-swiss.ch/","","","","","","99991","17235","17235","6.712","","294","75","3.920","97.538","Very Easy","2.374","0","0","","131","25","0","100.000","56","25","0","2","2","0","","","","","440357b0434507776447ae0d6c4d0281","1.733","","","","","fr-FR","1.1","","https://gerance-swiss.ch/","2025-04-07 10:33:48"
"https://gerance-swiss.ch/wp-content/plugins/fluentform/assets/css/fluentform-public-default.css?ver=5.2.7","text/css","200","OK","Indexable","","","0","0","","0","0","","0","","0","","0","","0","","","","","","","","","","1190","1190","1190","0.463","","0","","","","","0.000","1","5","","0","0","0","0.000","0","0","0","0","0","0","","","","","","0.054","Sun, 08 Dec 2024 11:14:57 GMT","","","","","1.1","","https://gerance-swiss.ch/wp-content/plugins/fluentform/assets/css/fluentform-public-default.css?ver=5.2.7","2025-04-07 10:33:51"
"https://gerance-swiss.ch/wp-content/plugins/rf-wp-plugin/public/theme1/src/final.css?ver=1.0.1","text/css","200","OK","Indexable","","","0","0","","0","0","","0","","0","","0","","0","","","","","","","","","","11919","11919","11919","4.642","","0","","","","","0.000","1","6","","0","0","0","0.000","0","0","0","0","0","0","","","","","","0.068","Wed, 27 Mar 2024 08:32:37 GMT","","","","","1.1","","https://gerance-swiss.ch/wp-content/plugins/rf-wp-plugin/public/theme1/src/final.css?ver=1.0.1","2025-04-07 10:33:51"
"https://gerance-swiss.ch/wp-content/plugins/elementor/assets/css/conditionals/e-swiper.min.css?ver=3.28.3","text/css","200","OK","Indexable","","","0","0","","0","0","","0","","0","","0","","0","","","","","","","","","","799","799","799","0.311","","0","","","","","0.000","1","6","","0","0","0","0.000","0","0","0","0","0","0","","","","","","0.069","Tue, 01 Apr 2025 14:41:06 GMT","","","","","1.1","","https://gerance-swiss.ch/wp-content/plugins/elementor/assets/css/conditionals/e-swiper.min.css?ver=3.28.3","2025-04-07 10:33:51"
"https://gerance-swiss.ch/wp-content/themes/hello-elementor/theme.min.css?ver=3.0.1","text/css","200","OK","Indexable","","","0","0","","0","0","","0","","0","","0","","0","","","","","","","","","","1306","1306","1306","0.509","","0","","","","","0.000","1","3","","0","0","0","0.000","0","0","0","0","0","0","","","","","","0.036","Wed, 14 Feb 2024 13:01:27 GMT","","","","","1.1","","https://gerance-swiss.ch/wp-content/themes/hello-elementor/theme.min.css?ver=3.0.1","2025-04-07 10:33:51"
"https://gerance-swiss.ch/wp-content/plugins/elementor/assets/lib/font-awesome/css/fontawesome.min.css?ver=5.15.3","text/css","200","OK","Indexable","","","0","0","","0","0","","0","","0","","0","","0","","","","","","","","","","12617","12617","12617","4.914","","0","","","","","0.000","1","7","","0","0","0","0.000","0","0","0","0","0","0","","","","","","0.043","Tue, 01 Apr 2025 14:41:08 GMT","","","","","1.1","","https://gerance-swiss.ch/wp-content/plugins/elementor/assets/lib/font-awesome/css/fontawesome.min.css?ver=5.15.3","2025-04-07 10:33:51"
"https://gerance-swiss.ch/prestations-gerance","text/html; charset=UTF-8","301","Moved Permanently","Non-Indexable","Redirected","","0","0","","0","0","","0","","0","","0","","0","","","","","","","","","","0","0","0","0.000","","0","","","","","0.000","1","0","","3","3","0","12.000","0","0","0","0","0","0","","","","","","1.041","","https://gerance-swiss.ch/prestations-gerance/","HTTP Redirect","","","1.1","","https://gerance-swiss.ch/prestations-gerance","2025-04-07 10:33:51"
"https://gerance-swiss.ch/vente","text/html; charset=UTF-8","301","Moved Permanently","Non-Indexable","Redirected","","0","0","","0","0","","0","","0","","0","","0","","","","","","","","","","0","0","0","0.000","","0","","","","","0.000","1","0","","25","25","0","100.000","0","0","0","0","0","0","","","","","","1.046","","https://gerance-swiss.ch/vente/","HTTP Redirect","","","1.1","","https://gerance-swiss.ch/vente","2025-04-07 10:33:51"
"https://gerance-swiss.ch/wp-content/plugins/rf-wp-plugin/public/theme1/css/magnific-popup.css?ver=1.0.0","text/css","200","OK","Indexable","","","0","0","","0","0","","0","","0","","0","","0","","","","","","","","","","1816","1816","1816","0.707","","0","","","","","0.000","1","6","","0","0","0","0.000","0","0","0","0","0","0","","","","","","0.038","Wed, 27 Mar 2024 08:32:37 GMT","","","","","1.1","","https://gerance-swiss.ch/wp-content/plugins/rf-wp-plugin/public/theme1/css/magnific-popup.css?ver=1.0.0","2025-04-07 10:33:52"
"https://gerance-swiss.ch/informations","text/html; charset=UTF-8","301","Moved Permanently","Non-Indexable","Redirected","","0","0","","0","0","","0","","0","","0","","0","","","","","","","","","","0","0","0","0.000","","0","","","","","0.000","1","0","","25","25","0","100.000","0","0","0","0","0","0","","","","","","0.966","","https://gerance-swiss.ch/informations/","HTTP Redirect","","","1.1","","https://gerance-swiss.ch/informations","2025-04-07 10:33:51"
"https://gerance-swiss.ch/wp-content/plugins/elementor/assets/lib/font-awesome/css/regular.min.css?ver=5.15.3","text/css","200","OK","Indexable","","","0","0","","0","0","","0","","0","","0","","0","","","","","","","","","","308","308","308","0.120","","0","","","","","0.000","1","7","","0","0","0","0.000","0","0","0","0","0","0","","","","","","0.045","Tue, 01 Apr 2025 14:41:08 GMT","","","","","1.1","","https://gerance-swiss.ch/wp-content/plugins/elementor/assets/lib/font-awesome/css/regular.min.css?ver=5.15.3","2025-04-07 10:33:52"
"https://gerance-swiss.ch/wp-content/plugins/rf-wp-plugin/public/theme1/js/datatables-natural.js?ver=1.0.0","application/javascript","200","OK","Indexable","","","0","0","","0","0","","0","","0","","0","","0","","","","","","","","","","1641","1641","1641","0.639","","0","","","","","0.000","1","6","","0","0","0","0.000","0","0","0","0","0","0","","","","","","0.041","Wed, 27 Mar 2024 08:32:37 GMT","","","","","1.1","","https://gerance-swiss.ch/wp-content/plugins/rf-wp-plugin/public/theme1/js/datatables-natural.js?ver=1.0.0","2025-04-07 10:33:52"
"https://gerance-swiss.ch/a-propos/","text/html; charset=UTF-8","200","OK","Indexable","","A propos – Gérance swiss","24","232","","0","0","","0","En savoir plus Gérance swiss","28","établie à aigle","15","Notre expertise","15","max-image-preview:large","","","https://gerance-swiss.ch/a-propos/","","","","","","61889","11427","11427","4.450","","210","30","7.000","79.276","Fairly Easy","3.179","1","1","","50","25","0","100.000","40","22","0","2","2","0","","","","","bce32411245da1d42a1d79d4a066adaa","1.194","","","","","fr-FR","1.1","","https://gerance-swiss.ch/a-propos/","2025-04-07 10:33:51"
"https://gerance-swiss.ch/wp-content/plugins/elementor/assets/lib/font-awesome/css/brands.css?ver=5.15.3","text/css","200","OK","Indexable","","","0","0","","0","0","","0","","0","","0","","0","","","","","","","","","","322","322","322","0.125","","0","","","","","0.000","1","7","","0","0","0","0.000","0","0","0","0","0","0","","","","","","0.034","Tue, 01 Apr 2025 14:41:08 GMT","","","","","1.1","","https://gerance-swiss.ch/wp-content/plugins/elementor/assets/lib/font-awesome/css/brands.css?ver=5.15.3","2025-04-07 10:33:52"
"https://gerance-swiss.ch/wp-content/plugins/elementor/assets/css/widget-heading.min.css?ver=3.28.3","text/css","200","OK","Indexable","","","0","0","","0","0","","0","","0","","0","","0","","","","","","","","","","189","189","189","0.074","","0","","","","","0.000","1","5","","0","0","0","0.000","0","0","0","0","0","0","","","","","","0.047","Tue, 01 Apr 2025 14:41:06 GMT","","","","","1.1","","https://gerance-swiss.ch/wp-content/plugins/elementor/assets/css/widget-heading.min.css?ver=3.28.3","2025-04-07 10:33:52"
"https://gerance-swiss.ch/wp-content/plugins/elementor/assets/js/frontend-modules.min.js?ver=3.28.3","application/javascript","200","OK","Indexable","","","0","0","","0","0","","0","","0","","0","","0","","","","","","","","","","14815","14815","14815","5.770","","0","","","","","0.000","1","5","","0","0","0","0.000","0","0","0","0","0","0","","","","","","0.045","Tue, 01 Apr 2025 14:41:07 GMT","","","","","1.1","","https://gerance-swiss.ch/wp-content/plugins/elementor/assets/js/frontend-modules.min.js?ver=3.28.3","2025-04-07 10:33:53"
"https://gerance-swiss.ch/wp-includes/js/jquery/ui/core.min.js?ver=1.13.3","application/javascript","200","OK","Indexable","","","0","0","","0","0","","0","","0","","0","","0","","","","","","","","","","7106","7106","7106","2.767","","0","","","","","0.000","1","4","","0","0","0","0.000","0","0","0","0","0","0","","","","","","0.037","Wed, 17 Jul 2024 02:43:18 GMT","","","","","1.1","","https://gerance-swiss.ch/wp-includes/js/jquery/ui/core.min.js?ver=1.13.3","2025-04-07 10:33:53"
"https://gerance-swiss.ch/obligations-locataire/","text/html; charset=UTF-8","200","OK","Indexable","","Obligations du     locataire – Gérance swiss","44","364","","0","0","","0","Obligations du locataire","24","Obligations du locataire","24","Pour une gestion immobilière dédiée à 100%","42","max-image-preview:large","","","https://gerance-swiss.ch/obligations-locataire/","","","","","","60696","11813","11813","4.600","","342","47","7.277","62.655","Normal","4.616","1","1","","50","25","0","100.000","40","21","0","2","2","0","","","","","fdc248fbdd2cf77fa6c360a2c65c460b","1.320","","","","","fr-FR","1.1","","https://gerance-swiss.ch/obligations-locataire/","2025-04-07 10:33:51"
"https://gerance-swiss.ch/wp-content/plugins/wp-plugin-listing-properties/js/bundle.min.js?ver=1.0.8","application/javascript","200","OK","Indexable","","","0","0","","0","0","","0","","0","","0","","0","","","","","","","","","","0","0","0","0.000","","0","","","","","0.000","1","4","","0","0","0","0.000","0","0","0","0","0","0","","","","","","0.057","Thu, 12 Dec 2024 11:29:08 GMT","","","","","1.1","","https://gerance-swiss.ch/wp-content/plugins/wp-plugin-listing-properties/js/bundle.min.js?ver=1.0.8","2025-04-07 10:33:53"
"https://gerance-swiss.ch/wp-content/plugins/elementor/assets/css/widget-text-editor.min.css?ver=3.28.3","text/css","200","OK","Indexable","","","0","0","","0","0","","0","","0","","0","","0","","","","","","","","","","276","276","276","0.107","","0","","","","","0.000","1","5","","0","0","0","0.000","0","0","0","0","0","0","","","","","","0.035","Tue, 01 Apr 2025 14:41:06 GMT","","","","","1.1","","https://gerance-swiss.ch/wp-content/plugins/elementor/assets/css/widget-text-editor.min.css?ver=3.28.3","2025-04-07 10:33:53"
"https://gerance-swiss.ch/wp-content/plugins/elementor/assets/lib/eicons/css/elementor-icons.min.css?ver=5.36.0","text/css","200","OK","Indexable","","","0","0","","0","0","","0","","0","","0","","0","","","","","","","","","","4190","4190","4190","1.632","","0","","","","","0.000","1","7","","0","0","0","0.000","0","0","0","0","0","0","","","","","","0.035","Tue, 01 Apr 2025 14:41:08 GMT","","","","","1.1","","https://gerance-swiss.ch/wp-content/plugins/elementor/assets/lib/eicons/css/elementor-icons.min.css?ver=5.36.0","2025-04-07 10:33:53"
"https://gerance-swiss.ch/wp-content/uploads/2023/08/logo-gerance-swiss-blanc.svg","image/svg+xml","200","OK","Indexable","","","0","0","","0","0","","0","","0","","0","","0","","","","","","","","","","2458","2458","2458","0.957","","0","","","","","0.000","1","4","","0","0","0","0.000","0","0","0","0","0","0","","","","","","0.040","Mon, 27 Nov 2023 12:33:01 GMT","","","","","1.1","","https://gerance-swiss.ch/wp-content/uploads/2023/08/logo-gerance-swiss-blanc.svg","2025-04-07 10:33:53"
"https://gerance-swiss.ch/wp-content/plugins/elementor/assets/lib/font-awesome/css/solid.css?ver=5.15.3","text/css","200","OK","Indexable","","","0","0","","0","0","","0","","0","","0","","0","","","","","","","","","","325","325","325","0.127","","0","","","","","0.000","1","7","","0","0","0","0.000","0","0","0","0","0","0","","","","","","0.034","Tue, 01 Apr 2025 14:41:08 GMT","","","","","1.1","","https://gerance-swiss.ch/wp-content/plugins/elementor/assets/lib/font-awesome/css/solid.css?ver=5.15.3","2025-04-07 10:33:53"
"https://gerance-swiss.ch/wp-content/plugins/elementor/assets/js/webpack.runtime.min.js?ver=3.28.3","application/javascript","200","OK","Indexable","","","0","0","","0","0","","0","","0","","0","","0","","","","","","","","","","2407","2407","2407","0.937","","0","","","","","0.000","1","5","","0","0","0","0.000","0","0","0","0","0","0","","","","","","0.032","Tue, 01 Apr 2025 14:41:07 GMT","","","","","1.1","","https://gerance-swiss.ch/wp-content/plugins/elementor/assets/js/webpack.runtime.min.js?ver=3.28.3","2025-04-07 10:33:53"
"https://gerance-swiss.ch/wp-content/plugins/wp-plugin-listing-properties/js/scripts.js?ver=1.0.9","application/javascript","200","OK","Indexable","","","0","0","","0","0","","0","","0","","0","","0","","","","","","","","","","3887","3887","3887","1.514","","0","","","","","0.000","1","4","","0","0","0","0.000","0","0","0","0","0","0","","","","","","0.033","Thu, 12 Dec 2024 11:29:09 GMT","","","","","1.1","","https://gerance-swiss.ch/wp-content/plugins/wp-plugin-listing-properties/js/scripts.js?ver=1.0.9","2025-04-07 10:33:53"
"https://gerance-swiss.ch/renovation/","text/html; charset=UTF-8","200","OK","Indexable","","Rénovation – Gérance swiss","26","253","","0","0","","0","prestations de rénovation","25","Rénovation","10","Vaut mieux prévenir que guérir","30","max-image-preview:large","","","https://gerance-swiss.ch/renovation/","","","","","","56617","10990","10990","4.280","","192","30","6.400","56.695","Fairly Hard","3.507","1","1","","50","25","0","100.000","39","20","0","2","2","0","","","","","86eb8249677997558325ab8f39755e55","1.181","","","","","fr-FR","1.1","","https://gerance-swiss.ch/renovation/","2025-04-07 10:33:52"
"https://gerance-swiss.ch/wp-content/plugins/fluentform/assets/js/form-submission.js?ver=5.2.7","application/javascript","200","OK","Indexable","","","0","0","","0","0","","0","","0","","0","","0","","","","","","","","","","6779","6779","6779","2.640","","0","","","","","0.000","1","5","","0","0","0","0.000","0","0","0","0","0","0","","","","","","0.040","Sun, 08 Dec 2024 11:14:57 GMT","","","","","1.1","","https://gerance-swiss.ch/wp-content/plugins/fluentform/assets/js/form-submission.js?ver=5.2.7","2025-04-07 10:33:53"
"https://gerance-swiss.ch/rulv/","text/html; charset=UTF-8","200","OK","Indexable","","RULV – Gérance swiss","20","202","","0","0","","0","Règles et usages locatifs","25","Règles et usages locatifs pour habitation et place de parc/garage","65","Pour une gestion immobilière dédiée à 100%","42","max-image-preview:large","","","https://gerance-swiss.ch/rulv/","","","","","","59877","10853","10853","4.227","","30","10","3.000","68.430","Normal","1.410","1","1","","50","25","0","100.000","40","22","0","2","2","0","","","","","3c5b710d269199a9df7e697c67f639f1","1.249","","","","","fr-FR","1.1","","https://gerance-swiss.ch/rulv/","2025-04-07 10:33:52"
"https://gerance-swiss.ch/vente/","text/html; charset=UTF-8","200","OK","Indexable","","Vente – Gérance swiss","21","206","","0","0","","0","nos biens en vente","18","Vaut mieux prévenir que guérir","30","à votre écoute","14","max-image-preview:large","","","https://gerance-swiss.ch/vente/","","","","","","101965","17177","17177","6.689","","360","102","3.529","100.000","Very Easy","2.871","1","1","","73","25","0","100.000","77","27","0","2","2","0","","","","","94ec5b868ff08ed5cba3ebef7d55d9ee","1.415","","","","","fr-FR","1.1","","https://gerance-swiss.ch/vente/","2025-04-07 10:33:52"
"https://gerance-swiss.ch/informations/","text/html; charset=UTF-8","200","OK","Indexable","","Informations – Gérance swiss","28","267","","0","0","","0","Informations","12","InformationS","12","Pour une gestion immobilière dédiée à 100%","42","max-image-preview:large","","","https://gerance-swiss.ch/informations/","","","","","","65188","11020","11020","4.292","","36","14","2.571","60.875","Normal","1.355","1","1","","50","25","0","100.000","43","25","0","2","2","0","","","","","46744e6a93d91a836f2ff23f65644a62","1.348","","","","","fr-FR","1.1","","https://gerance-swiss.ch/informations/","2025-04-07 10:33:53"
"https://gerance-swiss.ch/wp-content/themes/hello-elementor/style.min.css?ver=3.0.1","text/css","200","OK","Indexable","","","0","0","","0","0","","0","","0","","0","","0","","","","","","","","","","1873","1873","1873","0.729","","0","","","","","0.000","1","3","","0","0","0","0.000","0","0","0","0","0","0","","","","","","0.048","Wed, 14 Feb 2024 13:01:27 GMT","","","","","1.1","","https://gerance-swiss.ch/wp-content/themes/hello-elementor/style.min.css?ver=3.0.1","2025-04-07 10:33:54"
"https://gerance-swiss.ch/wp-content/uploads/elementor/css/post-21.css?ver=1736169468","text/css","200","OK","Indexable","","","0","0","","0","0","","0","","0","","0","","0","","","","","","","","","","2662","2662","2662","1.037","","0","","","","","0.000","1","4","","0","0","0","0.000","0","0","0","0","0","0","","","","","","0.043","Mon, 06 Jan 2025 13:17:48 GMT","","","","","1.1","","https://gerance-swiss.ch/wp-content/uploads/elementor/css/post-21.css?ver=1736169468","2025-04-07 10:33:54"
"https://gerance-swiss.ch/vente/chalet-individuel-de-6.5-pieces-avec-places-de-parc/les-diablerets/5927/","text/html; charset=UTF-8","200","OK","Indexable","","Gérance swiss","13","130","","0","0","","0","","0","Pour une gestion immobilière dédiée à 100%","42","","0","max-image-preview:large","","","","","","","","","72139","13902","13902","5.414","","205","54","3.796","89.494","Easy","2.628","1","4","","12","3","0","12.000","45","21","0","6","6","0","","","","","d06aadcc33ae91fb2e7db54d7f6cf499","1.365","","","","","fr-FR","1.1","","https://gerance-swiss.ch/vente/chalet-individuel-de-6.5-pieces-avec-places-de-parc/les-diablerets/5927/","2025-04-07 10:33:53"
"https://gerance-swiss.ch/wp-includes/js/jquery/jquery.min.js?ver=3.7.1","application/javascript","200","OK","Indexable","","","0","0","","0","0","","0","","0","","0","","0","","","","","","","","","","30368","30368","30368","11.827","","0","","","","","0.000","1","3","","0","0","0","0.000","0","0","0","0","0","0","","","","","","0.064","Wed, 10 Jan 2024 21:11:34 GMT","","","","","1.1","","https://gerance-swiss.ch/wp-includes/js/jquery/jquery.min.js?ver=3.7.1","2025-04-07 10:33:54"
"https://gerance-swiss.ch/wp-content/uploads/elementor/css/post-45.css?ver=1734662593","text/css","200","OK","Indexable","","","0","0","","0","0","","0","","0","","0","","0","","","","","","","","","","1612","1612","1612","0.628","","0","","","","","0.000","1","4","","0","0","0","0.000","0","0","0","0","0","0","","","","","","0.050","Fri, 20 Dec 2024 02:43:13 GMT","","","","","1.1","","https://gerance-swiss.ch/wp-content/uploads/elementor/css/post-45.css?ver=1734662593","2025-04-07 10:33:54"
"https://gerance-swiss.ch/wp-content/plugins/elementor/assets/lib/font-awesome/css/all.min.css?ver=1.7.1016","text/css","200","OK","Indexable","","","0","0","","0","0","","0","","0","","0","","0","","","","","","","","","","12869","12869","12869","5.012","","0","","","","","0.000","1","7","","0","0","0","0.000","0","0","0","0","0","0","","","","","","0.035","Tue, 01 Apr 2025 14:41:08 GMT","","","","","1.1","","https://gerance-swiss.ch/wp-content/plugins/elementor/assets/lib/font-awesome/css/all.min.css?ver=1.7.1016","2025-04-07 10:33:54"
"https://gerance-swiss.ch/wp-content/plugins/royal-elementor-addons/assets/css/lib/animations/text-animations.min.css?ver=1.7.1016","text/css","200","OK","Indexable","","","0","0","","0","0","","0","","0","","0","","0","","","","","","","","","","1516","1516","1516","0.590","","0","","","","","0.000","1","7","","0","0","0","0.000","0","0","0","0","0","0","","","","","","0.076","Wed, 02 Apr 2025 14:41:13 GMT","","","","","1.1","","https://gerance-swiss.ch/wp-content/plugins/royal-elementor-addons/assets/css/lib/animations/text-animations.min.css?ver=1.7.1016","2025-04-07 10:33:54"
"https://gerance-swiss.ch/wp-content/plugins/rf-wp-plugin/public/theme1/css/fa_5_all.min.css?ver=1.0.0","text/css","200","OK","Indexable","","","0","0","","0","0","","0","","0","","0","","0","","","","","","","","","","12861","12861","12861","5.009","","0","","","","","0.000","1","6","","0","0","0","0.000","0","0","0","0","0","0","","","","","","0.040","Wed, 27 Mar 2024 08:32:37 GMT","","","","","1.1","","https://gerance-swiss.ch/wp-content/plugins/rf-wp-plugin/public/theme1/css/fa_5_all.min.css?ver=1.0.0","2025-04-07 10:33:55"
"https://gerance-swiss.ch/wp-content/plugins/rf-wp-plugin/public/theme1/js/jquery.tokeninput.js?ver=1.0.0","application/javascript","200","OK","Indexable","","","0","0","","0","0","","0","","0","","0","","0","","","","","","","","","","8467","8467","8467","3.297","","0","","","","","0.000","1","6","","0","0","0","0.000","0","0","0","0","0","0","","","","","","0.040","Wed, 27 Mar 2024 08:32:37 GMT","","","","","1.1","","https://gerance-swiss.ch/wp-content/plugins/rf-wp-plugin/public/theme1/js/jquery.tokeninput.js?ver=1.0.0","2025-04-07 10:33:55"
"https://gerance-swiss.ch/wp-content/plugins/rf-wp-plugin/public/theme1/js/slick.min.js?ver=1.0.0","application/javascript","200","OK","Indexable","","","0","0","","0","0","","0","","0","","0","","0","","","","","","","","","","10442","10442","10442","4.067","","0","","","","","0.000","1","6","","0","0","0","0.000","0","0","0","0","0","0","","","","","","0.043","Wed, 27 Mar 2024 08:32:37 GMT","","","","","1.1","","https://gerance-swiss.ch/wp-content/plugins/rf-wp-plugin/public/theme1/js/slick.min.js?ver=1.0.0","2025-04-07 10:33:55"
"https://gerance-swiss.ch/wp-content/plugins/rf-wp-plugin/public/theme1/css/select2.min.css?ver=1.0.0","text/css","200","OK","Indexable","","","0","0","","0","0","","0","","0","","0","","0","","","","","","","","","","1998","1998","1998","0.778","","0","","","","","0.000","1","6","","0","0","0","0.000","0","0","0","0","0","0","","","","","","0.043","Wed, 27 Mar 2024 08:32:37 GMT","","","","","1.1","","https://gerance-swiss.ch/wp-content/plugins/rf-wp-plugin/public/theme1/css/select2.min.css?ver=1.0.0","2025-04-07 10:33:55"
"https://gerance-swiss.ch/prestations-gerance/","text/html; charset=UTF-8","200","OK","Indexable","","Prestations gérance – Gérance swiss","35","333","","0","0","","0","prestations de gérance","22","Nous contacter","14","Pour une gestion immobilière dédiée à 100%","42","max-image-preview:large","","","https://gerance-swiss.ch/prestations-gerance/","","","","","","84951","14709","14709","5.728","","196","51","3.843","87.688","Easy","2.362","1","1","","50","25","0","100.000","38","20","0","2","2","0","","","","","7379252e23155b26ea22578c14b396cc","1.374","","","","","fr-FR","1.1","","https://gerance-swiss.ch/prestations-gerance/","2025-04-07 10:33:54"
"https://gerance-swiss.ch/informations-financieres/","text/html; charset=UTF-8","200","OK","Indexable","","Informations financières – Gérance swiss","40","371","","0","0","","0","Informations financières","24","Informations Financières","24","Pour une gestion immobilière dédiée à 100%","42","max-image-preview:large","","","https://gerance-swiss.ch/informations-financieres/","","","","","","60303","12168","12168","4.739","","531","76","6.987","78.977","Fairly Easy","6.543","1","1","","50","25","0","100.000","38","20","0","3","3","0","","","","","63abdc897ebc815d97b4900b7e53c980","1.245","","","","","fr-FR","1.1","","https://gerance-swiss.ch/informations-financieres/","2025-04-07 10:33:54"
"https://gerance-swiss.ch/check-list-etat-des-lieux-de-sortie/","text/html; charset=UTF-8","200","OK","Indexable","","Check-list état des lieux de sortie – Gérance swiss","51","449","","0","0","","0","Check-list Etat des lieux","25","Check-List","10","Pour une gestion immobilière dédiée à 100%","42","max-image-preview:large","","","https://gerance-swiss.ch/check-list-etat-des-lieux-de-sortie/","","","","","","78222","16039","16039","6.246","","1770","262","6.756","71.740","Fairly Easy","14.787","1","1","","50","25","0","100.000","40","21","0","2","2","0","","","","","cc6522b2b39240b2b1b6ad1c255cf16d","1.348","","","","","fr-FR","1.1","","https://gerance-swiss.ch/check-list-etat-des-lieux-de-sortie/","2025-04-07 10:33:54"
"https://gerance-swiss.ch/wp-content/plugins/elementor/assets/css/widget-icon-list.min.css?ver=3.24.3","text/css","200","OK","Indexable","","","0","0","","0","0","","0","","0","","0","","0","","","","","","","","","","1069","1069","1069","0.416","","0","","","","","0.000","1","5","","0","0","0","0.000","0","0","0","0","0","0","","","","","","0.236","Tue, 01 Apr 2025 14:41:06 GMT","","","","","1.1","","https://gerance-swiss.ch/wp-content/plugins/elementor/assets/css/widget-icon-list.min.css?ver=3.24.3","2025-04-07 10:33:55"
"https://gerance-swiss.ch/wp-content/plugins/wp-plugin-listing-properties/js/bootstrap.bundle.min.js?ver=4.5.3","application/javascript","200","OK","Indexable","","","0","0","","0","0","","0","","0","","0","","0","","","","","","","","","","21804","21804","21804","8.491","","0","","","","","0.000","1","4","","0","0","0","0.000","0","0","0","0","0","0","","","","","","0.272","Thu, 12 Dec 2024 11:29:08 GMT","","","","","1.1","","https://gerance-swiss.ch/wp-content/plugins/wp-plugin-listing-properties/js/bootstrap.bundle.min.js?ver=4.5.3","2025-04-07 10:33:55"
"https://gerance-swiss.ch/wp-content/plugins/rf-wp-plugin/public/theme1/css/lightgallery.css?ver=1.0.0","text/css","200","OK","Indexable","","","0","0","","0","0","","0","","0","","0","","0","","","","","","","","","","4316","4316","4316","1.681","","0","","","","","0.000","1","6","","0","0","0","0.000","0","0","0","0","0","0","","","","","","0.055","Wed, 27 Mar 2024 08:32:37 GMT","","","","","1.1","","https://gerance-swiss.ch/wp-content/plugins/rf-wp-plugin/public/theme1/css/lightgallery.css?ver=1.0.0","2025-04-07 10:33:55"
"https://gerance-swiss.ch/wp-content/plugins/rf-wp-plugin/public/theme1/js/lightgallery.min.js?ver=1.0.0","application/javascript","200","OK","Indexable","","","0","0","","0","0","","0","","0","","0","","0","","","","","","","","","","5825","5825","5825","2.268","","0","","","","","0.000","1","6","","0","0","0","0.000","0","0","0","0","0","0","","","","","","0.058","Wed, 27 Mar 2024 08:32:37 GMT","","","","","1.1","","https://gerance-swiss.ch/wp-content/plugins/rf-wp-plugin/public/theme1/js/lightgallery.min.js?ver=1.0.0","2025-04-07 10:33:55"
"https://gerance-swiss.ch/wp-content/uploads/elementor/css/custom-widget-icon-list.min.css?ver=1734662592","text/css","200","OK","Indexable","","","0","0","","0","0","","0","","0","","0","","0","","","","","","","","","","1046","1046","1046","0.407","","0","","","","","0.000","1","4","","0","0","0","0.000","0","0","0","0","0","0","","","","","","0.036","Fri, 20 Dec 2024 02:43:12 GMT","","","","","1.1","","https://gerance-swiss.ch/wp-content/uploads/elementor/css/custom-widget-icon-list.min.css?ver=1734662592","2025-04-07 10:33:55"
"https://gerance-swiss.ch/wp-content/plugins/header-footer-elementor/assets/css/header-footer-elementor.css?ver=2.2.3","text/css","200","OK","Indexable","","","0","0","","0","0","","0","","0","","0","","0","","","","","","","","","","323","323","323","0.126","","0","","","","","0.000","1","5","","0","0","0","0.000","0","0","0","0","0","0","","","","","","0.033","Wed, 26 Mar 2025 14:52:01 GMT","","","","","1.1","","https://gerance-swiss.ch/wp-content/plugins/header-footer-elementor/assets/css/header-footer-elementor.css?ver=2.2.3","2025-04-07 10:33:55"
"https://gerance-swiss.ch/wp-content/plugins/wp-plugin-listing-properties/css/style.css?ver=1.0.6","text/css","200","OK","Indexable","","","0","0","","0","0","","0","","0","","0","","0","","","","","","","","","","0","0","0","0.000","","0","","","","","0.000","1","4","","0","0","0","0.000","0","0","0","0","0","0","","","","","","0.058","Thu, 12 Dec 2024 11:29:07 GMT","","","","","1.1","","https://gerance-swiss.ch/wp-content/plugins/wp-plugin-listing-properties/css/style.css?ver=1.0.6","2025-04-07 10:33:55"
"https://gerance-swiss.ch/wp-content/plugins/elementor/assets/js/frontend.min.js?ver=3.28.3","application/javascript","200","OK","Indexable","","","0","0","","0","0","","0","","0","","0","","0","","","","","","","","","","13463","13463","13463","5.243","","0","","","","","0.000","1","5","","0","0","0","0.000","0","0","0","0","0","0","","","","","","0.046","Tue, 01 Apr 2025 14:41:07 GMT","","","","","1.1","","https://gerance-swiss.ch/wp-content/plugins/elementor/assets/js/frontend.min.js?ver=3.28.3","2025-04-07 10:33:55"
"https://gerance-swiss.ch/prestation-courtage/","text/html; charset=UTF-8","200","OK","Indexable","","Prestations courtage – Gérance swiss","36","340","","0","0","","0","prestations de courtage","23","Nous contacter","14","Pour une gestion immobilière dédiée à 100%","42","max-image-preview:large","","","https://gerance-swiss.ch/prestation-courtage/","","","","","","110943","15384","15384","5.991","","289","67","4.313","85.656","Easy","2.828","1","1","","50","25","0","100.000","38","20","0","2","2","0","","","","","a7667287f02145d1bfca5cbc82cfed41","1.351","","","","","fr-FR","1.1","","https://gerance-swiss.ch/prestation-courtage/","2025-04-07 10:33:54"
"https://gerance-swiss.ch/wp-content/themes/hello-elementor/assets/js/hello-frontend.min.js?ver=3.0.1","application/javascript","200","OK","Indexable","","","0","0","","0","0","","0","","0","","0","","0","","","","","","","","","","887","887","887","0.345","","0","","","","","0.000","1","5","","0","0","0","0.000","0","0","0","0","0","0","","","","","","0.043","Wed, 14 Feb 2024 13:01:27 GMT","","","","","1.1","","https://gerance-swiss.ch/wp-content/themes/hello-elementor/assets/js/hello-frontend.min.js?ver=3.0.1","2025-04-07 10:33:56"
"https://gerance-swiss.ch/wp-content/plugins/rf-wp-plugin/public/theme1/js/jquery.magnific-popup.min.js?ver=1.0.0","application/javascript","200","OK","Indexable","","","0","0","","0","0","","0","","0","","0","","0","","","","","","","","","","7346","7346","7346","2.861","","0","","","","","0.000","1","6","","0","0","0","0.000","0","0","0","0","0","0","","","","","","0.044","Wed, 27 Mar 2024 08:32:37 GMT","","","","","1.1","","https://gerance-swiss.ch/wp-content/plugins/rf-wp-plugin/public/theme1/js/jquery.magnific-popup.min.js?ver=1.0.0","2025-04-07 10:33:56"
"https://gerance-swiss.ch/wp-content/plugins/royal-elementor-addons/assets/js/lib/parallax/parallax.min.js?ver=1.0","application/javascript","200","OK","Indexable","","","0","0","","0","0","","0","","0","","0","","0","","","","","","","","","","5226","5226","5226","2.035","","0","","","","","0.000","1","7","","0","0","0","0.000","0","0","0","0","0","0","","","","","","0.035","Wed, 02 Apr 2025 14:41:13 GMT","","","","","1.1","","https://gerance-swiss.ch/wp-content/plugins/royal-elementor-addons/assets/js/lib/parallax/parallax.min.js?ver=1.0","2025-04-07 10:33:56"
"https://gerance-swiss.ch/location","text/html; charset=UTF-8","301","Moved Permanently","Non-Indexable","Redirected","","0","0","","0","0","","0","","0","","0","","0","","","","","","","","","","0","0","0","0.000","","0","","","","","0.000","1","0","","25","25","0","100.000","0","0","0","0","0","0","","","","","","1.200","","https://gerance-swiss.ch/location/","HTTP Redirect","","","1.1","","https://gerance-swiss.ch/location","2025-04-07 10:33:55"
"https://gerance-swiss.ch/wp-content/plugins/royal-elementor-addons/assets/js/lib/jarallax/jarallax.min.js?ver=1.12.7","application/javascript","200","OK","Indexable","","","0","0","","0","0","","0","","0","","0","","0","","","","","","","","","","5215","5215","5215","2.031","","0","","","","","0.000","1","7","","0","0","0","0.000","0","0","0","0","0","0","","","","","","0.047","Wed, 02 Apr 2025 14:41:13 GMT","","","","","1.1","","https://gerance-swiss.ch/wp-content/plugins/royal-elementor-addons/assets/js/lib/jarallax/jarallax.min.js?ver=1.12.7","2025-04-07 10:33:56"
"https://gerance-swiss.ch/wp-content/themes/hello-elementor/header-footer.min.css?ver=3.0.1","text/css","200","OK","Indexable","","","0","0","","0","0","","0","","0","","0","","0","","","","","","","","","","1454","1454","1454","0.566","","0","","","","","0.000","1","3","","0","0","0","0.000","0","0","0","0","0","0","","","","","","0.033","Wed, 14 Feb 2024 13:01:27 GMT","","","","","1.1","","https://gerance-swiss.ch/wp-content/themes/hello-elementor/header-footer.min.css?ver=3.0.1","2025-04-07 10:33:56"
"https://gerance-swiss.ch/prestation-courtage","text/html; charset=UTF-8","301","Moved Permanently","Non-Indexable","Redirected","","0","0","","0","0","","0","","0","","0","","0","","","","","","","","","","0","0","0","0.000","","0","","","","","0.000","1","0","","3","3","0","12.000","0","0","0","0","0","0","","","","","","0.842","","https://gerance-swiss.ch/prestation-courtage/","HTTP Redirect","","","1.1","","https://gerance-swiss.ch/prestation-courtage","2025-04-07 10:33:55"
"https://gerance-swiss.ch/wp-content/plugins/wp-plugin-listing-properties/js/jquery-ui.min.js?ver=1.12.1","application/javascript","200","OK","Indexable","","","0","0","","0","0","","0","","0","","0","","0","","","","","","","","","","0","0","0","0.000","","0","","","","","0.000","1","4","","0","0","0","0.000","0","0","0","0","0","0","","","","","","0.052","Thu, 12 Dec 2024 11:29:08 GMT","","","","","1.1","","https://gerance-swiss.ch/wp-content/plugins/wp-plugin-listing-properties/js/jquery-ui.min.js?ver=1.12.1","2025-04-07 10:33:56"
"https://gerance-swiss.ch/wp-content/plugins/header-footer-elementor/inc/widgets-css/frontend.css?ver=2.2.3","text/css","200","OK","Indexable","","","0","0","","0","0","","0","","0","","0","","0","","","","","","","","","","8500","8500","8500","3.310","","0","","","","","0.000","1","5","","0","0","0","0.000","0","0","0","0","0","0","","","","","","0.047","Wed, 26 Mar 2025 14:52:01 GMT","","","","","1.1","","https://gerance-swiss.ch/wp-content/plugins/header-footer-elementor/inc/widgets-css/frontend.css?ver=2.2.3","2025-04-07 10:33:56"
"https://gerance-swiss.ch/wp-content/plugins/rf-wp-plugin/public/theme1/js/jquery.dataTables.min.js?ver=1.0.0","application/javascript","200","OK","Indexable","","","0","0","","0","0","","0","","0","","0","","0","","","","","","","","","","29732","29732","29732","11.579","","0","","","","","0.000","1","6","","0","0","0","0.000","0","0","0","0","0","0","","","","","","0.053","Wed, 27 Mar 2024 08:32:37 GMT","","","","","1.1","","https://gerance-swiss.ch/wp-content/plugins/rf-wp-plugin/public/theme1/js/jquery.dataTables.min.js?ver=1.0.0","2025-04-07 10:33:56"
"https://gerance-swiss.ch/wp-content/uploads/elementor/css/custom-frontend.min.css?ver=1734662592","text/css","200","OK","Indexable","","","0","0","","0","0","","0","","0","","0","","0","","","","","","","","","","7123","7123","7123","2.774","","0","","","","","0.000","1","4","","0","0","0","0.000","0","0","0","0","0","0","","","","","","0.200","Fri, 20 Dec 2024 02:43:12 GMT","","","","","1.1","","https://gerance-swiss.ch/wp-content/uploads/elementor/css/custom-frontend.min.css?ver=1734662592","2025-04-07 10:33:56"
"https://gerance-swiss.ch/wp-content/plugins/royal-elementor-addons/assets/js/frontend.min.js?ver=1.7.1016","application/javascript","200","OK","Indexable","","","0","0","","0","0","","0","","0","","0","","0","","","","","","","","","","43863","43863","43863","17.082","","0","","","","","0.000","1","5","","0","0","0","0.000","0","0","0","0","0","0","","","","","","1.061","Wed, 02 Apr 2025 14:41:13 GMT","","","","","1.1","","https://gerance-swiss.ch/wp-content/plugins/royal-elementor-addons/assets/js/frontend.min.js?ver=1.7.1016","2025-04-07 10:33:55"
"https://gerance-swiss.ch/vente/leysin-maison-locative-de-4-appartements/leysin/5654/","text/html; charset=UTF-8","200","OK","Indexable","","Gérance swiss","13","130","","0","0","","0","","0","Pour une gestion immobilière dédiée à 100%","42","","0","max-image-preview:large","","","","","","","","","72930","14317","14317","5.576","","251","64","3.922","87.583","Easy","3.054","1","4","","12","3","0","12.000","45","21","0","6","6","0","","","","","bbee9e0a9ebd3acca9fc81eaba735889","1.328","","","","","fr-FR","1.1","","https://gerance-swiss.ch/vente/leysin-maison-locative-de-4-appartements/leysin/5654/","2025-04-07 10:33:55"
"https://gerance-swiss.ch/wp-content/plugins/elementor/assets/css/widget-social-icons.min.css?ver=3.24.0","text/css","200","OK","Indexable","","","0","0","","0","0","","0","","0","","0","","0","","","","","","","","","","1170","1170","1170","0.456","","0","","","","","0.000","1","5","","0","0","0","0.000","0","0","0","0","0","0","","","","","","0.039","Tue, 01 Apr 2025 14:41:06 GMT","","","","","1.1","","https://gerance-swiss.ch/wp-content/plugins/elementor/assets/css/widget-social-icons.min.css?ver=3.24.0","2025-04-07 10:33:57"
"https://gerance-swiss.ch/wp-content/plugins/wp-plugin-listing-properties/js/custom.js?ver=1.0.8","application/javascript","200","OK","Indexable","","","0","0","","0","0","","0","","0","","0","","0","","","","","","","","","","639","639","639","0.249","","0","","","","","0.000","1","4","","0","0","0","0.000","0","0","0","0","0","0","","","","","","0.043","Thu, 12 Dec 2024 11:29:08 GMT","","","","","1.1","","https://gerance-swiss.ch/wp-content/plugins/wp-plugin-listing-properties/js/custom.js?ver=1.0.8","2025-04-07 10:33:57"
"https://gerance-swiss.ch/wp-content/plugins/rf-wp-plugin/public/theme1/js/final.js?ver=1.0.1","application/javascript","200","OK","Indexable","","","0","0","","0","0","","0","","0","","0","","0","","","","","","","","","","7107","7107","7107","2.768","","0","","","","","0.000","1","6","","0","0","0","0.000","0","0","0","0","0","0","","","","","","0.035","Wed, 27 Mar 2024 08:32:37 GMT","","","","","1.1","","https://gerance-swiss.ch/wp-content/plugins/rf-wp-plugin/public/theme1/js/final.js?ver=1.0.1","2025-04-07 10:33:57"
"https://gerance-swiss.ch/location/","text/html; charset=UTF-8","200","OK","Indexable","","Location – Gérance swiss","24","230","","0","0","","0","nos biens en location","21","Vaut mieux prévenir que guérir","30","à votre écoute","14","max-image-preview:large","","","https://gerance-swiss.ch/location/","","","","","","88898","15029","15029","5.853","","263","69","3.812","100.000","Very Easy","2.655","1","1","","59","25","0","100.000","55","23","0","2","2","0","","","","","3c02a09df0d11a80379866390d4e5801","1.539","","","","","fr-FR","1.1","","https://gerance-swiss.ch/location/","2025-04-07 10:33:56"
"https://gerance-swiss.ch/wp-content/plugins/royal-elementor-addons/assets/js/modal-popups.min.js?ver=1.7.1016","application/javascript","200","OK","Indexable","","","0","0","","0","0","","0","","0","","0","","0","","","","","","","","","","2801","2801","2801","1.091","","0","","","","","0.000","1","5","","0","0","0","0.000","0","0","0","0","0","0","","","","","","0.033","Wed, 02 Apr 2025 14:41:13 GMT","","","","","1.1","","https://gerance-swiss.ch/wp-content/plugins/royal-elementor-addons/assets/js/modal-popups.min.js?ver=1.7.1016","2025-04-07 10:33:57"
"https://gerance-swiss.ch/prestations","text/html; charset=UTF-8","301","Moved Permanently","Non-Indexable","Redirected","","0","0","","0","0","","0","","0","","0","","0","","","","","","","","","","0","0","0","0.000","","0","","","","","0.000","1","0","","25","25","0","100.000","0","0","0","0","0","0","","","","","","0.961","","https://gerance-swiss.ch/prestations/","HTTP Redirect","","","1.1","","https://gerance-swiss.ch/prestations","2025-04-07 10:33:56"
"https://gerance-swiss.ch/wp-content/uploads/elementor/google-fonts/css/montserrat.css?ver=1742222590","text/css","200","OK","Indexable","","","0","0","","0","0","","0","","0","","0","","0","","","","","","","","","","1088","1088","1088","0.424","","0","","","","","0.000","1","5","","0","0","0","0.000","0","0","0","0","0","0","","","","","","0.035","Mon, 17 Mar 2025 14:43:10 GMT","","","","","1.1","","https://gerance-swiss.ch/wp-content/uploads/elementor/google-fonts/css/montserrat.css?ver=1742222590","2025-04-07 10:33:57"
"https://gerance-swiss.ch/wp-content/plugins/elementor/assets/lib/eicons/css/elementor-icons.min.css?ver=5.34.0","text/css","200","OK","Indexable","","","0","0","","0","0","","0","","0","","0","","0","","","","","","","","","","4190","4190","4190","1.632","","0","","","","","0.000","1","7","","0","0","0","0.000","0","0","0","0","0","0","","","","","","0.033","Tue, 01 Apr 2025 14:41:08 GMT","","","","","1.1","","https://gerance-swiss.ch/wp-content/plugins/elementor/assets/lib/eicons/css/elementor-icons.min.css?ver=5.34.0","2025-04-07 10:33:57"
"https://gerance-swiss.ch/wp-content/plugins/royal-elementor-addons/assets/js/lib/particles/particles.js?ver=3.0.6","application/javascript","200","OK","Indexable","","","0","0","","0","0","","0","","0","","0","","0","","","","","","","","","","9031","9031","9031","3.517","","0","","","","","0.000","1","7","","0","0","0","0.000","0","0","0","0","0","0","","","","","","0.038","Wed, 02 Apr 2025 14:41:13 GMT","","","","","1.1","","https://gerance-swiss.ch/wp-content/plugins/royal-elementor-addons/assets/js/lib/particles/particles.js?ver=3.0.6","2025-04-07 10:33:57"
"https://gerance-swiss.ch/wp-content/plugins/gestion-des-biens/shortcode-style.css?ver=6.7.2","text/css","200","OK","Indexable","","","0","0","","0","0","","0","","0","","0","","0","","","","","","","","","","482","482","482","0.188","","0","","","","","0.000","1","3","","0","0","0","0.000","0","0","0","0","0","0","","","","","","0.036","Mon, 19 Feb 2024 11:06:36 GMT","","","","","1.1","","https://gerance-swiss.ch/wp-content/plugins/gestion-des-biens/shortcode-style.css?ver=6.7.2","2025-04-07 10:33:57"
"https://gerance-swiss.ch/vente/maison-de-4.5-pieces-au-coeur-de-la-ville/aigle/5908/","text/html; charset=UTF-8","200","OK","Indexable","","Gérance swiss","13","130","","0","0","","0","","0","Pour une gestion immobilière dédiée à 100%","42","","0","max-image-preview:large","","","","","","","","","84171","16723","16723","6.513","","384","82","4.683","83.554","Easy","3.696","1","4","","12","3","0","12.000","45","21","0","16","16","0","","","","","81438facbbc91f3faddd68b05cb39992","1.482","","","","","fr-FR","1.1","","https://gerance-swiss.ch/vente/maison-de-4.5-pieces-au-coeur-de-la-ville/aigle/5908/","2025-04-07 10:33:56"
"https://gerance-swiss.ch/wp-content/plugins/elementor/assets/lib/swiper/v8/css/swiper.min.css?ver=8.4.5","text/css","200","OK","Indexable","","","0","0","","0","0","","0","","0","","0","","0","","","","","","","","","","4583","4583","4583","1.785","","0","","","","","0.000","1","8","","0","0","0","0.000","0","0","0","0","0","0","","","","","","0.073","Tue, 01 Apr 2025 14:41:08 GMT","","","","","1.1","","https://gerance-swiss.ch/wp-content/plugins/elementor/assets/lib/swiper/v8/css/swiper.min.css?ver=8.4.5","2025-04-07 10:33:58"
"https://gerance-swiss.ch/wp-includes/js/jquery/jquery-migrate.min.js?ver=3.4.1","application/javascript","200","OK","Indexable","","","0","0","","0","0","","0","","0","","0","","0","","","","","","","","","","4872","4872","4872","1.897","","0","","","","","0.000","1","3","","0","0","0","0.000","0","0","0","0","0","0","","","","","","0.032","Wed, 10 Jan 2024 21:11:34 GMT","","","","","1.1","","https://gerance-swiss.ch/wp-includes/js/jquery/jquery-migrate.min.js?ver=3.4.1","2025-04-07 10:33:58"
"https://gerance-swiss.ch/wp-content/plugins/fluentform/assets/css/fluent-forms-public.css?ver=5.2.7","text/css","200","OK","Indexable","","","0","0","","0","0","","0","","0","","0","","0","","","","","","","","","","5590","5590","5590","2.177","","0","","","","","0.000","1","5","","0","0","0","0.000","0","0","0","0","0","0","","","","","","0.041","Sun, 08 Dec 2024 11:14:57 GMT","","","","","1.1","","https://gerance-swiss.ch/wp-content/plugins/fluentform/assets/css/fluent-forms-public.css?ver=5.2.7","2025-04-07 10:33:58"
"https://gerance-swiss.ch/wp-content/plugins/royal-elementor-addons/assets/css/frontend.min.css?ver=1.7.1016","text/css","200","OK","Indexable","","","0","0","","0","0","","0","","0","","0","","0","","","","","","","","","","46280","46280","46280","18.023","","0","","","","","0.000","1","5","","0","0","0","0.000","0","0","0","0","0","0","","","","","","0.058","Wed, 02 Apr 2025 14:41:13 GMT","","","","","1.1","","https://gerance-swiss.ch/wp-content/plugins/royal-elementor-addons/assets/css/frontend.min.css?ver=1.7.1016","2025-04-07 10:33:58"
"https://gerance-swiss.ch/wp-content/plugins/rf-wp-plugin/public/theme1/js/select2.full.min.js?ver=1.0.0","application/javascript","200","OK","Indexable","","","0","0","","0","0","","0","","0","","0","","0","","","","","","","","","","22030","22030","22030","8.579","","0","","","","","0.000","1","6","","0","0","0","0.000","0","0","0","0","0","0","","","","","","0.064","Wed, 27 Mar 2024 08:32:37 GMT","","","","","1.1","","https://gerance-swiss.ch/wp-content/plugins/rf-wp-plugin/public/theme1/js/select2.full.min.js?ver=1.0.0","2025-04-07 10:33:58"
"https://gerance-swiss.ch/wp-content/plugins/rf-wp-plugin/public/theme1/js/js.cookie.min.js?ver=1.0.0","application/javascript","200","OK","Indexable","","","0","0","","0","0","","0","","0","","0","","0","","","","","","","","","","829","829","829","0.323","","0","","","","","0.000","1","6","","0","0","0","0.000","0","0","0","0","0","0","","","","","","0.047","Wed, 27 Mar 2024 08:32:37 GMT","","","","","1.1","","https://gerance-swiss.ch/wp-content/plugins/rf-wp-plugin/public/theme1/js/js.cookie.min.js?ver=1.0.0","2025-04-07 10:33:58"
"https://gerance-swiss.ch/contact","text/html; charset=UTF-8","301","Moved Permanently","Non-Indexable","Redirected","","0","0","","0","0","","0","","0","","0","","0","","","","","","","","","","0","0","0","0.000","","0","","","","","0.000","1","0","","54","25","0","100.000","0","0","0","0","0","0","","","","","","0.906","","https://gerance-swiss.ch/contact/","HTTP Redirect","","","1.1","","https://gerance-swiss.ch/contact","2025-04-07 10:33:57"
"https://gerance-swiss.ch/wp-content/plugins/rf-wp-plugin/public/theme1/js/lightslider.min.js?ver=1.0.0","application/javascript","200","OK","Indexable","","","0","0","","0","0","","0","","0","","0","","0","","","","","","","","","","4945","4945","4945","1.926","","0","","","","","0.000","1","6","","0","0","0","0.000","0","0","0","0","0","0","","","","","","0.039","Wed, 27 Mar 2024 08:32:37 GMT","","","","","1.1","","https://gerance-swiss.ch/wp-content/plugins/rf-wp-plugin/public/theme1/js/lightslider.min.js?ver=1.0.0","2025-04-07 10:33:58"
"https://gerance-swiss.ch/wp-content/plugins/wp-plugin-listing-properties/js/jquery.magnific-popup.min.js?ver=1.0.0","application/javascript","200","OK","Indexable","","","0","0","","0","0","","0","","0","","0","","0","","","","","","","","","","7254","7254","7254","2.825","","0","","","","","0.000","1","4","","0","0","0","0.000","0","0","0","0","0","0","","","","","","0.039","Thu, 12 Dec 2024 11:29:08 GMT","","","","","1.1","","https://gerance-swiss.ch/wp-content/plugins/wp-plugin-listing-properties/js/jquery.magnific-popup.min.js?ver=1.0.0","2025-04-07 10:33:58"
"https://gerance-swiss.ch/wp-content/uploads/2023/08/logo-gerance-swiss.svg","image/svg+xml","200","OK","Indexable","","","0","0","","0","0","","0","","0","","0","","0","","","","","","","","","","2475","2475","2475","0.964","","0","","","","","0.000","1","4","","0","0","0","0.000","0","0","0","0","0","0","","","","","","0.036","Mon, 27 Nov 2023 12:33:01 GMT","","","","","1.1","","https://gerance-swiss.ch/wp-content/uploads/2023/08/logo-gerance-swiss.svg","2025-04-07 10:33:58"
"https://gerance-swiss.ch/wp-content/uploads/elementor/css/post-5.css?ver=1734662592","text/css","200","OK","Indexable","","","0","0","","0","0","","0","","0","","0","","0","","","","","","","","","","1004","1004","1004","0.391","","0","","","","","0.000","1","4","","0","0","0","0.000","0","0","0","0","0","0","","","","","","0.040","Fri, 20 Dec 2024 02:43:12 GMT","","","","","1.1","","https://gerance-swiss.ch/wp-content/uploads/elementor/css/post-5.css?ver=1734662592","2025-04-07 10:33:58"
"https://gerance-swiss.ch/wp-content/plugins/rf-wp-plugin/public/theme1/css/lightslider.css?ver=1.0.0","text/css","200","OK","Indexable","","","0","0","","0","0","","0","","0","","0","","0","","","","","","","","","","1480","1480","1480","0.576","","0","","","","","0.000","1","6","","0","0","0","0.000","0","0","0","0","0","0","","","","","","0.094","Wed, 27 Mar 2024 08:32:37 GMT","","","","","1.1","","https://gerance-swiss.ch/wp-content/plugins/rf-wp-plugin/public/theme1/css/lightslider.css?ver=1.0.0","2025-04-07 10:33:58"
"https://gerance-swiss.ch/wp-content/plugins/wp-plugin-listing-properties/css/fontawesome.min.css?ver=5.15.4","text/css","200","OK","Indexable","","","0","0","","0","0","","0","","0","","0","","0","","","","","","","","","","12858","12858","12858","5.007","","0","","","","","0.000","1","4","","0","0","0","0.000","0","0","0","0","0","0","","","","","","0.105","Thu, 12 Dec 2024 11:29:07 GMT","","","","","1.1","","https://gerance-swiss.ch/wp-content/plugins/wp-plugin-listing-properties/css/fontawesome.min.css?ver=5.15.4","2025-04-07 10:33:58"
"https://gerance-swiss.ch/wp-content/plugins/elementor/assets/lib/font-awesome/css/brands.min.css?ver=5.15.3","text/css","200","OK","Indexable","","","0","0","","0","0","","0","","0","","0","","0","","","","","","","","","","308","308","308","0.120","","0","","","","","0.000","1","7","","0","0","0","0.000","0","0","0","0","0","0","","","","","","0.047","Tue, 01 Apr 2025 14:41:08 GMT","","","","","1.1","","https://gerance-swiss.ch/wp-content/plugins/elementor/assets/lib/font-awesome/css/brands.min.css?ver=5.15.3","2025-04-07 10:33:58"
"https://gerance-swiss.ch/wp-content/uploads/elementor/css/post-166.css?ver=1734662593","text/css","200","OK","Indexable","","","0","0","","0","0","","0","","0","","0","","0","","","","","","","","","","1586","1586","1586","0.618","","0","","","","","0.000","1","4","","0","0","0","0.000","0","0","0","0","0","0","","","","","","0.086","Fri, 20 Dec 2024 02:43:13 GMT","","","","","1.1","","https://gerance-swiss.ch/wp-content/uploads/elementor/css/post-166.css?ver=1734662593","2025-04-07 10:33:58"
"https://gerance-swiss.ch/wp-content/plugins/elementor/assets/lib/font-awesome/css/fontawesome.css?ver=5.15.3","text/css","200","OK","Indexable","","","0","0","","0","0","","0","","0","","0","","0","","","","","","","","","","13124","13124","13124","5.111","","0","","","","","0.000","1","7","","0","0","0","0.000","0","0","0","0","0","0","","","","","","1.038","Tue, 01 Apr 2025 14:41:08 GMT","","","","","1.1","","https://gerance-swiss.ch/wp-content/plugins/elementor/assets/lib/font-awesome/css/fontawesome.css?ver=5.15.3","2025-04-07 10:33:57"
"https://gerance-swiss.ch/informations-juridiques/","text/html; charset=UTF-8","200","OK","Indexable","","Informations juridiques – Gérance swiss","39","359","","0","0","","0","Informations juridiques","23","Informations juridiques","23","Pour une gestion immobilière dédiée à 100%","42","max-image-preview:large","","","https://gerance-swiss.ch/informations-juridiques/","","","","","","59453","11621","11621","4.526","","419","52","8.058","92.250","Very Easy","5.134","1","1","","50","25","0","100.000","38","20","0","2","2","0","","","","","5c1bcea96004062ef6a68826054463e7","1.391","","","","","fr-FR","1.1","","https://gerance-swiss.ch/informations-juridiques/","2025-04-07 10:33:58"
"https://gerance-swiss.ch/wp-content/uploads/elementor/css/post-1485.css?ver=1736934652","text/css","200","OK","Indexable","","","0","0","","0","0","","0","","0","","0","","0","","","","","","","","","","1364","1364","1364","0.531","","0","","","","","0.000","2","4","","0","0","0","0.000","0","0","0","0","0","0","","","","","","0.042","Wed, 15 Jan 2025 09:50:52 GMT","","","","","1.1","","https://gerance-swiss.ch/wp-content/uploads/elementor/css/post-1485.css?ver=1736934652","2025-04-07 10:33:59"
"https://gerance-swiss.ch/a-propos","text/html; charset=UTF-8","301","Moved Permanently","Non-Indexable","Redirected","","0","0","","0","0","","0","","0","","0","","0","","","","","","","","","","0","0","0","0.000","","0","","","","","0.000","1","0","","27","25","0","100.000","0","0","0","0","0","0","","","","","","2.195","","https://gerance-swiss.ch/a-propos/","HTTP Redirect","","","1.1","","https://gerance-swiss.ch/a-propos","2025-04-07 10:33:57"
"https://gerance-swiss.ch/wp-content/plugins/wp-plugin-listing-properties/css/images/noimg.png","image/png","200","OK","Indexable","","","0","0","","0","0","","0","","0","","0","","0","","","","","","","","","","3133","3133","3133","1.220","","0","","","","","0.000","2","5","","0","0","0","0.000","0","0","0","0","0","0","","","","","","0.049","Thu, 12 Dec 2024 11:29:13 GMT","","","","","1.1","","https://gerance-swiss.ch/wp-content/plugins/wp-plugin-listing-properties/css/images/noimg.png","2025-04-07 10:34:00"
"https://gerance-swiss.ch/prestations/","text/html; charset=UTF-8","200","OK","Indexable","","Prestations – Gérance swiss","27","256","","0","0","","0","Nos prestations","15","Notre expertise","15","Pour une gestion immobilière dédiée à 100%","42","max-image-preview:large","","","https://gerance-swiss.ch/prestations/","","","","","","57896","10561","10561","4.113","","19","10","1.900","71.328","Fairly Easy","1.348","1","1","","50","25","0","100.000","41","23","0","2","2","0","","","","","eb6ba910a8218b929d7655d8f81db4f0","1.770","","","","","fr-FR","1.1","","https://gerance-swiss.ch/prestations/","2025-04-07 10:33:58"
"https://gerance-swiss.ch/wp-content/uploads/elementor/css/post-1150.css?ver=1734679906","text/css","200","OK","Indexable","","","0","0","","0","0","","0","","0","","0","","0","","","","","","","","","","1388","1388","1388","0.541","","0","","","","","0.000","2","4","","0","0","0","0.000","0","0","0","0","0","0","","","","","","0.036","Fri, 20 Dec 2024 07:31:46 GMT","","","","","1.1","","https://gerance-swiss.ch/wp-content/uploads/elementor/css/post-1150.css?ver=1734679906","2025-04-07 10:34:00"
"https://gerance-swiss.ch/contact/","text/html; charset=UTF-8","200","OK","Indexable","","Contact – Gérance swiss","23","223","","0","0","","0","Pour nous contacter","19","Nous contacter","14","Pour une gestion immobilière dédiée à 100%","42","max-image-preview:large","","","https://gerance-swiss.ch/contact/","","","","","","70921","13272","13272","5.169","","109","36","3.028","100.000","Very Easy","1.749","2","1","","0","0","0","0.000","38","20","0","2","2","0","","","","","37f9dc608a4d283cfb66ed719391209e","1.737","","","","","fr-FR","1.1","","https://gerance-swiss.ch/contact/","2025-04-07 10:33:58"
"https://gerance-swiss.ch/wp-content/uploads/elementor/css/post-315.css?ver=1736936079","text/css","200","OK","Indexable","","","0","0","","0","0","","0","","0","","0","","0","","","","","","","","","","1529","1529","1529","0.595","","0","","","","","0.000","2","4","","0","0","0","0.000","0","0","0","0","0","0","","","","","","0.038","Wed, 15 Jan 2025 10:14:39 GMT","","","","","1.1","","https://gerance-swiss.ch/wp-content/uploads/elementor/css/post-315.css?ver=1736936079","2025-04-07 10:34:00"
"https://gerance-swiss.ch/wp-content/uploads/elementor/css/post-1142.css?ver=1734679728","text/css","200","OK","Indexable","","","0","0","","0","0","","0","","0","","0","","0","","","","","","","","","","2347","2347","2347","0.914","","0","","","","","0.000","2","4","","0","0","0","0.000","0","0","0","0","0","0","","","","","","0.102","Fri, 20 Dec 2024 07:28:48 GMT","","","","","1.1","","https://gerance-swiss.ch/wp-content/uploads/elementor/css/post-1142.css?ver=1734679728","2025-04-07 10:34:00"
"https://gerance-swiss.ch/wp-content/uploads/elementor/css/post-1725.css?ver=1736935844","text/css","200","OK","Indexable","","","0","0","","0","0","","0","","0","","0","","0","","","","","","","","","","1300","1300","1300","0.506","","0","","","","","0.000","2","4","","0","0","0","0.000","0","0","0","0","0","0","","","","","","0.041","Wed, 15 Jan 2025 10:10:44 GMT","","","","","1.1","","https://gerance-swiss.ch/wp-content/uploads/elementor/css/post-1725.css?ver=1736935844","2025-04-07 10:34:00"
"https://gerance-swiss.ch/wp-content/uploads/2025/01/Check-list-EDLS.pdf","application/pdf","200","OK","Indexable","","Check-list EDLS","15","140","","0","0","","0","","0","","0","","0","","","","","","","","","","0","0","0","0.000","","0","","","","","0.000","2","4","","2","1","0","4.000","0","0","0","0","0","0","","","","","","0.057","Fri, 10 Jan 2025 09:39:36 GMT","","","","","1.1","","https://gerance-swiss.ch/wp-content/uploads/2025/01/Check-list-EDLS.pdf","2025-04-07 10:34:00"
"https://gerance-swiss.ch/wp-content/uploads/elementor/css/post-1497.css?ver=1736934494","text/css","200","OK","Indexable","","","0","0","","0","0","","0","","0","","0","","0","","","","","","","","","","1357","1357","1357","0.528","","0","","","","","0.000","2","4","","0","0","0","0.000","0","0","0","0","0","0","","","","","","0.053","Wed, 15 Jan 2025 09:48:14 GMT","","","","","1.1","","https://gerance-swiss.ch/wp-content/uploads/elementor/css/post-1497.css?ver=1736934494","2025-04-07 10:34:01"
"https://gerance-swiss.ch/wp-content/uploads/elementor/css/post-893.css?ver=1734679707","text/css","200","OK","Indexable","","","0","0","","0","0","","0","","0","","0","","0","","","","","","","","","","2126","2126","2126","0.828","","0","","","","","0.000","2","4","","0","0","0","0.000","0","0","0","0","0","0","","","","","","0.468","Fri, 20 Dec 2024 07:28:27 GMT","","","","","1.1","","https://gerance-swiss.ch/wp-content/uploads/elementor/css/post-893.css?ver=1734679707","2025-04-07 10:34:01"
"https://gerance-swiss.ch/wp-includes/css/dist/block-library/style.min.css?ver=6.7.2","text/css","200","OK","Indexable","","","0","0","","0","0","","0","","0","","0","","0","","","","","","","","","","15177","15177","15177","5.911","","0","","","","","0.000","2","4","","0","0","0","0.000","0","0","0","0","0","0","","","","","","0.264","Wed, 13 Nov 2024 02:59:11 GMT","","","","","1.1","","https://gerance-swiss.ch/wp-includes/css/dist/block-library/style.min.css?ver=6.7.2","2025-04-07 10:34:01"
"https://gerance-swiss.ch/location/place-de-parc-exterieure-voiture/aigle/5924/","text/html; charset=UTF-8","200","OK","Indexable","","Gérance swiss","13","130","","0","0","","0","","0","Pour une gestion immobilière dédiée à 100%","42","","0","max-image-preview:large","","","","","","","","","70031","13117","13117","5.108","","110","36","3.056","100.000","Very Easy","1.803","2","4","","10","2","0","8.000","46","21","0","6","6","0","","","","","3d259a1cdcb44e50dda4c5e2f5dde8d6","2.326","","","","","fr-FR","1.1","","https://gerance-swiss.ch/location/place-de-parc-exterieure-voiture/aigle/5924/","2025-04-07 10:34:00"
"https://gerance-swiss.ch/renovation","text/html; charset=UTF-8","301","Moved Permanently","Non-Indexable","Redirected","","0","0","","0","0","","0","","0","","0","","0","","","","","","","","","","0","0","0","0.000","","0","","","","","0.000","2","0","","1","1","0","4.000","0","0","0","0","0","0","","","","","","2.250","","https://gerance-swiss.ch/renovation/","HTTP Redirect","","","1.1","","https://gerance-swiss.ch/renovation","2025-04-07 10:34:00"
"https://gerance-swiss.ch/wp-content/uploads/elementor/css/post-1507.css?ver=1736868849","text/css","200","OK","Indexable","","","0","0","","0","0","","0","","0","","0","","0","","","","","","","","","","1875","1875","1875","0.730","","0","","","","","0.000","2","4","","0","0","0","0.000","0","0","0","0","0","0","","","","","","0.078","Tue, 14 Jan 2025 15:34:09 GMT","","","","","1.1","","https://gerance-swiss.ch/wp-content/uploads/elementor/css/post-1507.css?ver=1736868849","2025-04-07 10:34:02"
"https://gerance-swiss.ch/location/habitat-de-4.5-pieces-au-rez-de-chaussee/aigle/18617/","text/html; charset=UTF-8","200","OK","Indexable","","Gérance swiss","13","130","","0","0","","0","","0","Pour une gestion immobilière dédiée à 100%","42","","0","max-image-preview:large","","","","","","","","","76035","14612","14612","5.690","","264","87","3.034","86.148","Easy","3.124","2","4","","10","2","0","8.000","46","21","0","11","11","0","","","","","2d35752623f29f210b1f1828c1986505","2.700","","","","","fr-FR","1.1","","https://gerance-swiss.ch/location/habitat-de-4.5-pieces-au-rez-de-chaussee/aigle/18617/","2025-04-07 10:34:00"
"https://gerance-swiss.ch/location/pressing-a-remettre/aigle/18122/","text/html; charset=UTF-8","200","OK","Indexable","","Gérance swiss","13","130","","0","0","","0","","0","Pour une gestion immobilière dédiée à 100%","42","","0","max-image-preview:large","","","","","","","","","69657","13024","13024","5.072","","118","47","2.511","87.424","Easy","2.103","2","4","","10","2","0","8.000","46","21","0","5","5","0","","","","","27e3a96fb6a5ebd7c8d82fdfeb560b49","2.489","","","","","fr-FR","1.1","","https://gerance-swiss.ch/location/pressing-a-remettre/aigle/18122/","2025-04-07 10:34:00"
"https://gerance-swiss.ch/rulv","text/html; charset=UTF-8","301","Moved Permanently","Non-Indexable","Redirected","","0","0","","0","0","","0","","0","","0","","0","","","","","","","","","","0","0","0","0.000","","0","","","","","0.000","2","0","","1","1","0","4.000","0","0","0","0","0","0","","","","","","1.466","","https://gerance-swiss.ch/rulv/","HTTP Redirect","","","1.1","","https://gerance-swiss.ch/rulv","2025-04-07 10:34:01"
"https://gerance-swiss.ch/informations-juridiques","text/html; charset=UTF-8","301","Moved Permanently","Non-Indexable","Redirected","","0","0","","0","0","","0","","0","","0","","0","","","","","","","","","","0","0","0","0.000","","0","","","","","0.000","2","0","","1","1","0","4.000","0","0","0","0","0","0","","","","","","1.543","","https://gerance-swiss.ch/informations-juridiques/","HTTP Redirect","","","1.1","","https://gerance-swiss.ch/informations-juridiques","2025-04-07 10:34:02"
"https://gerance-swiss.ch/wp-content/uploads/elementor/css/post-496.css?ver=1736936075","text/css","200","OK","Indexable","","","0","0","","0","0","","0","","0","","0","","0","","","","","","","","","","1502","1502","1502","0.585","","0","","","","","0.000","2","4","","0","0","0","0.000","0","0","0","0","0","0","","","","","","0.155","Wed, 15 Jan 2025 10:14:35 GMT","","","","","1.1","","https://gerance-swiss.ch/wp-content/uploads/elementor/css/post-496.css?ver=1736936075","2025-04-07 10:34:04"
"https://gerance-swiss.ch/obligations-locataire","text/html; charset=UTF-8","301","Moved Permanently","Non-Indexable","Redirected","","0","0","","0","0","","0","","0","","0","","0","","","","","","","","","","0","0","0","0.000","","0","","","","","0.000","2","0","","1","1","0","4.000","0","0","0","0","0","0","","","","","","1.937","","https://gerance-swiss.ch/obligations-locataire/","HTTP Redirect","","","1.1","","https://gerance-swiss.ch/obligations-locataire","2025-04-07 10:34:02"
"https://gerance-swiss.ch/informations-financieres","text/html; charset=UTF-8","301","Moved Permanently","Non-Indexable","Redirected","","0","0","","0","0","","0","","0","","0","","0","","","","","","","","","","0","0","0","0.000","","0","","","","","0.000","2","0","","1","1","0","4.000","0","0","0","0","0","0","","","","","","1.733","","https://gerance-swiss.ch/informations-financieres/","HTTP Redirect","","","1.1","","https://gerance-swiss.ch/informations-financieres","2025-04-07 10:34:02"
"https://gerance-swiss.ch/check-list-etat-des-lieux-de-sortie","text/html; charset=UTF-8","301","Moved Permanently","Non-Indexable","Redirected","","0","0","","0","0","","0","","0","","0","","0","","","","","","","","","","0","0","0","0.000","","0","","","","","0.000","2","0","","1","1","0","4.000","0","0","0","0","0","0","","","","","","1.796","","https://gerance-swiss.ch/check-list-etat-des-lieux-de-sortie/","HTTP Redirect","","","1.1","","https://gerance-swiss.ch/check-list-etat-des-lieux-de-sortie","2025-04-07 10:34:02"
"https://gerance-swiss.ch/vente/villa-contigue-de-4.5-pces-avec-deux-places-de-parc-interieures/monthey/11174/","text/html; charset=UTF-8","200","OK","Indexable","","Gérance swiss","13","130","","0","0","","0","","0","Pour une gestion immobilière dédiée à 100%","42","","0","max-image-preview:large","","","","","","","","","74471","15231","15231","5.932","","356","80","4.450","82.310","Easy","3.944","2","4","","8","2","0","8.000","44","21","0","6","6","0","","","","","531271007c0a6fec989c10b7bb20b66","2.042","","","","","fr-FR","1.1","","https://gerance-swiss.ch/vente/villa-contigue-de-4.5-pces-avec-deux-places-de-parc-interieures/monthey/11174/","2025-04-07 10:34:03"
"https://gerance-swiss.ch/wp-content/uploads/elementor/css/post-1871.css?ver=1736953925","text/css","200","OK","Indexable","","","0","0","","0","0","","0","","0","","0","","0","","","","","","","","","","1408","1408","1408","0.548","","0","","","","","0.000","2","4","","0","0","0","0.000","0","0","0","0","0","0","","","","","","1.067","Wed, 15 Jan 2025 15:12:05 GMT","","","","","1.1","","https://gerance-swiss.ch/wp-content/uploads/elementor/css/post-1871.css?ver=1736953925","2025-04-07 10:34:04"
"https://gerance-swiss.ch/wp-content/uploads/2025/01/RULV-regles-et-usages-locatives-habitations-parcs-VAUD.pdf","application/pdf","200","OK","Indexable","","Liste des articles où un accord est intervenu","45","393","","0","0","","0","","0","","0","","0","","","","","","","","","","0","0","0","0.000","","0","","","","","0.000","2","4","","1","1","0","4.000","0","0","0","0","0","0","","","","","","0.069","Tue, 14 Jan 2025 10:33:10 GMT","","","","","1.1","","https://gerance-swiss.ch/wp-content/uploads/2025/01/RULV-regles-et-usages-locatives-habitations-parcs-VAUD.pdf","2025-04-07 10:34:05"
"https://gerance-swiss.ch/wp-content/uploads/elementor/css/post-506.css?ver=1734749991","text/css","200","OK","Indexable","","","0","0","","0","0","","0","","0","","0","","0","","","","","","","","","","1392","1392","1392","0.542","","0","","","","","0.000","2","4","","0","0","0","0.000","0","0","0","0","0","0","","","","","","0.070","Sat, 21 Dec 2024 02:59:51 GMT","","","","","1.1","","https://gerance-swiss.ch/wp-content/uploads/elementor/css/post-506.css?ver=1734749991","2025-04-07 10:34:05"
"https://gerance-swiss.ch/wp-content/uploads/2025/01/RULV-regles-et-usages-locatives-habitations-parcs-VALAIS.pdf","application/pdf","200","OK","Indexable","","CONDITIONS_GENERALES_RV.indd","28","311","","0","0","","0","","0","","0","","0","","","","","","","","","","0","0","0","0.000","","0","","","","","0.000","2","4","","1","1","0","4.000","0","0","0","0","0","0","","","","","","0.078","Tue, 14 Jan 2025 10:33:08 GMT","","","","","1.1","","https://gerance-swiss.ch/wp-content/uploads/2025/01/RULV-regles-et-usages-locatives-habitations-parcs-VALAIS.pdf","2025-04-07 10:34:05"
"https://gerance-swiss.ch/wp-content/uploads/elementor/css/post-1720.css?ver=1736935710","text/css","200","OK","Indexable","","","0","0","","0","0","","0","","0","","0","","0","","","","","","","","","","1316","1316","1316","0.513","","0","","","","","0.000","2","4","","0","0","0","0.000","0","0","0","0","0","0","","","","","","0.176","Wed, 15 Jan 2025 10:08:30 GMT","","","","","1.1","","https://gerance-swiss.ch/wp-content/uploads/elementor/css/post-1720.css?ver=1736935710","2025-04-07 10:34:06"
"https://gerance-swiss.ch/wp-content/uploads/elementor/css/post-247.css?ver=1736941086","text/css","200","OK","Indexable","","","0","0","","0","0","","0","","0","","0","","0","","","","","","","","","","1732","1732","1732","0.675","","0","","","","","0.000","2","4","","0","0","0","0.000","0","0","0","0","0","0","","","","","","0.107","Wed, 15 Jan 2025 11:38:06 GMT","","","","","1.1","","https://gerance-swiss.ch/wp-content/uploads/elementor/css/post-247.css?ver=1736941086","2025-04-07 10:34:06"
"https://gerance-swiss.ch/wp-content/uploads/2025/01/Obligations-du-locataire.pdf","application/pdf","200","OK","Indexable","","fichiers-gerim.indd","19","167","","0","0","","0","","0","","0","","0","","","","","","","","","","0","0","0","0.000","","0","","","","","0.000","2","4","","2","1","0","4.000","0","0","0","0","0","0","","","","","","0.352","Fri, 10 Jan 2025 08:54:50 GMT","","","","","1.1","","https://gerance-swiss.ch/wp-content/uploads/2025/01/Obligations-du-locataire.pdf","2025-04-07 10:34:05"
"https://gerance-swiss.ch/wp-content/plugins/elementor/assets/css/widget-spacer.min.css?ver=3.28.3","text/css","200","OK","Indexable","","","0","0","","0","0","","0","","0","","0","","0","","","","","","","","","","369","369","369","0.144","","0","","","","","0.000","2","5","","0","0","0","0.000","0","0","0","0","0","0","","","","","","0.191","Tue, 01 Apr 2025 14:41:06 GMT","","","","","1.1","","https://gerance-swiss.ch/wp-content/plugins/elementor/assets/css/widget-spacer.min.css?ver=3.28.3","2025-04-07 10:34:06"
"https://gerance-swiss.ch/vente/appartement-de-3.5-pieces-traversant-avec-balcon-sud/aigle/7914/","text/html; charset=UTF-8","200","OK","Indexable","","Gérance swiss","13","130","","0","0","","0","","0","Pour une gestion immobilière dédiée à 100%","42","","0","max-image-preview:large","","","","","","","","","74009","14960","14960","5.826","","331","72","4.597","91.754","Very Easy","3.571","2","4","","9","2","0","8.000","45","21","0","6","6","0","","","","","87a4facd812e37acc389bf1c4bf3059c","2.269","","","","","fr-FR","1.1","","https://gerance-swiss.ch/vente/appartement-de-3.5-pieces-traversant-avec-balcon-sud/aigle/7914/","2025-04-07 10:34:04"
"https://gerance-swiss.ch/wp-content/uploads/elementor/css/post-327.css?ver=1736146903","text/css","200","OK","Indexable","","","0","0","","0","0","","0","","0","","0","","0","","","","","","","","","","1679","1679","1679","0.654","","0","","","","","0.000","3","4","","0","0","0","0.000","0","0","0","0","0","0","","","","","","0.254","Mon, 06 Jan 2025 07:01:43 GMT","","","","","1.1","","https://gerance-swiss.ch/wp-content/uploads/elementor/css/post-327.css?ver=1736146903","2025-04-07 10:34:06"
"https://gerance-swiss.ch/vente/maison-villageoise-de-6.5-pieces-au-pied-du-vignoble/yvorne/6952/","text/html; charset=UTF-8","200","OK","Indexable","","Gérance swiss","13","130","","0","0","","0","","0","Pour une gestion immobilière dédiée à 100%","42","","0","max-image-preview:large","","","","","","","","","71437","13575","13575","5.287","","164","49","3.347","100.000","Very Easy","2.263","2","4","","9","2","0","8.000","45","21","0","6","6","0","","","","","66a16813edd366ba368bb90d4ba0c3ab","2.447","","","","","fr-FR","1.1","","https://gerance-swiss.ch/vente/maison-villageoise-de-6.5-pieces-au-pied-du-vignoble/yvorne/6952/","2025-04-07 10:34:04"
"https://gerance-swiss.ch/vente/maison-villageoise-de-2-appartements-sur-parcelle-dominante-orientee-plein-sud/les-posses-sur-bex/10546/","text/html; charset=UTF-8","200","OK","Indexable","","Gérance swiss","13","130","","0","0","","0","","0","Pour une gestion immobilière dédiée à 100%","42","","0","max-image-preview:large","","","","","","","","","83197","16886","16886","6.576","","485","99","4.899","75.399","Fairly Easy","4.587","2","4","","9","2","0","8.000","45","21","0","13","13","0","","","","","cc8bb6bde077c9026fca939b3824d034","2.852","","","","","fr-FR","1.1","","https://gerance-swiss.ch/vente/maison-villageoise-de-2-appartements-sur-parcelle-dominante-orientee-plein-sud/les-posses-sur-bex/10546/","2025-04-07 10:34:04"
