Top pages,Clicks,Impressions,CTR,Position
https://www.osom.ch/,21,2595,0.81%,50.71
https://www.osom.ch/creation-sites-web-valais,1,2307,0.04%,71.06
https://www.osom.ch/a-propos-osom,1,48,2.08%,4.46
https://www.osom.ch/agence,1,41,2.44%,43.22
https://www.osom.ch/referencement-seo-valais,0,1535,0%,48.93
https://www.osom.ch/marketing-digital-valais,0,1168,0%,51.27
https://www.osom.ch/local/valais,0,195,0%,31.83
https://www.osom.ch/contact-osom,0,123,0%,59.55
https://www.osom.ch/contact,0,100,0%,47.3
https://www.osom.ch/optimisation-google-my-business,0,83,0%,55.8
https://www.osom.ch/gestion-reseaux-sociaux-valais,0,58,0%,53.29
https://www.osom.ch/contact-agence-marketing-valais,0,38,0%,12.45
https://www.osom.ch/mentions-legales,0,36,0%,6.94
https://www.osom.ch/politique-de-cookies,0,18,0%,6.56
https://www.osom.ch/expertise-marketing,0,14,0%,54.43
https://www.osom.ch/services/sur-mesure,0,11,0%,8.55
https://www.osom.ch/politique-de-confidentialite,0,9,0%,6.67
https://www.osom.ch/legal/politique-confidentialite,0,9,0%,10
https://www.osom.ch/services,0,9,0%,26.56
https://www.osom.ch/services/performance,0,5,0%,13.6
https://www.osom.ch/services/optimisation-continue,0,5,0%,23.8
https://www.osom.ch/questionnaire,0,5,0%,49.2
https://www.osom.ch/outils,0,5,0%,68.6
https://www.osom.ch/local/geneve,0,4,0%,23
https://www.osom.ch/local/fribourg,0,3,0%,29
https://www.osom.ch/services/essentiel,0,3,0%,50
https://www.osom.ch/post/la-non-conformité-à-la-lpd-en-suisse-un-frein-majeur-à-la-visibilité-organique-des-entreprises,0,2,0%,2
https://www.osom.ch/premium-b2b,0,2,0%,45
https://www.osom.ch/legal/conditions-utilisation,0,1,0%,3
https://www.osom.ch/post/balises-structurees-json-ld-seo-ia,0,1,0%,3
https://www.osom.ch/local/lausanne,0,1,0%,56
https://www.osom.ch/realisations,0,1,0%,56